{
	"info": {
		"_postman_id": "2643b26d-2d90-4200-af2e-8d5260233589",
		"name": "13th Flow_raya",
		"schema": "https://schema.getpostman.com/json/collection/v2.1.0/collection.json"
	},
	"item": [
		{
			"name": "Registration",
			"event": [
				{
					"listen": "test",
					"script": {
						"exec": [
							"pm.test(\"Status code is 200\", function () {\r",
							"    pm.response.to.have.status(200);\r",
							"});"
						],
						"type": "text/javascript"
					}
				}
			],
			"request": {
				"method": "POST",
				"header": [],
				"body": {
					"mode": "raw",
					"raw": "{\n  \"first_name\": \"user_last\",\n  \"email\": \"user16@gmail.com\",\n  \"username\":\"{{username}}\",\n  \"password\": \"{{password}}\",\n  \"role_id\": 2,\n  \"account\": 100\n}",
					"options": {
						"raw": {
							"language": "json"
						}
					}
				},
				"url": {
					"raw": "https://qwallity-exam.herokuapp.com/register/api",
					"protocol": "https",
					"host": [
						"qwallity-exam",
						"herokuapp",
						"com"
					],
					"path": [
						"register",
						"api"
					]
				}
			},
			"response": []
		},
		{
			"name": "Login",
			"event": [
				{
					"listen": "test",
					"script": {
						"exec": [
							"var jsonData = JSON.parse(responseBody);\r",
							"pm.environment.set(\"token\", jsonData.token);\r",
							"\r",
							"pm.test(\"Status code is 200\", function () {\r",
							"    pm.response.to.have.status(200);\r",
							"});"
						],
						"type": "text/javascript"
					}
				}
			],
			"request": {
				"auth": {
					"type": "basic",
					"basic": [
						{
							"key": "password",
							"value": "{{password}}",
							"type": "string"
						},
						{
							"key": "username",
							"value": "{{username}}",
							"type": "string"
						}
					]
				},
				"method": "POST",
				"header": [],
				"body": {
					"mode": "raw",
					"raw": "",
					"options": {
						"raw": {
							"language": "json"
						}
					}
				},
				"url": {
					"raw": "https://qwallity-exam.herokuapp.com/login/api",
					"protocol": "https",
					"host": [
						"qwallity-exam",
						"herokuapp",
						"com"
					],
					"path": [
						"login",
						"api"
					]
				}
			},
			"response": []
		},
		{
			"name": "Add_courses",
			"event": [
				{
					"listen": "test",
					"script": {
						"exec": [
							"let add_amount=pm.environment.get('add_amount');\r",
							"let res=JSON.parse(responseBody);\r",
							"let sum = Number(pm.environment.get('sum_price'));\r",
							"var ar = [];\r",
							"var pr = [];\r",
							"var x;\r",
							"var y;\r",
							"let i=Number(pm.environment.get('i'));\r",
							"\r",
							" if(i < add_amount)\r",
							"{   \r",
							"    if(i===0)\r",
							"    {   \r",
							"        ar[i] = res.id;\r",
							"        pm.environment.set(\"ArrayID\", ar);\r",
							"        pr[i]= res.price;\r",
							"        pm.environment.set(\"ArrayPR\", pr);\r",
							"    }\r",
							"    else\r",
							"    {\r",
							"        var x = pm.environment.get(\"ArrayID\");\r",
							"        x[i] = res.id;\r",
							"        pm.environment.set(\"ArrayID\", x);\r",
							"\r",
							"        var y = pm.environment.get(\"ArrayPR\");\r",
							"        y[i] = res.price;\r",
							"        pm.environment.set(\"ArrayPR\", y);\r",
							"    }\r",
							"    if(i>4)\r",
							"    {\r",
							"        pm.environment.set('course_type',2)\r",
							"    }\r",
							"    postman.setNextRequest('Add_courses');\r",
							"    pm.environment.set('i',i+1);\r",
							"    pm.environment.set('sum_price',sum+Number(res.price))\r",
							"}\r",
							"pm.test(\"Status code is 200\", function () {\r",
							"    pm.response.to.have.status(200);\r",
							"});\r",
							" "
						],
						"type": "text/javascript"
					}
				},
				{
					"listen": "prerequest",
					"script": {
						"exec": [
							""
						],
						"type": "text/javascript"
					}
				}
			],
			"request": {
				"method": "POST",
				"header": [],
				"body": {
					"mode": "raw",
					"raw": "{\r\n  \"title\": \"{{$randomNoun}}\",\r\n  \"body\": \"body\",\r\n  \"coursetype\": \"{{course_type}}\",\r\n  \"author\": \"rrrrrrrr\",\r\n  \"price\": \"{{$randomPrice}}\"\r\n}",
					"options": {
						"raw": {
							"language": "json"
						}
					}
				},
				"url": {
					"raw": "https://qwallity-exam.herokuapp.com/add_course/api",
					"protocol": "https",
					"host": [
						"qwallity-exam",
						"herokuapp",
						"com"
					],
					"path": [
						"add_course",
						"api"
					]
				}
			},
			"response": []
		},
		{
			"name": "Add amount",
			"event": [
				{
					"listen": "test",
					"script": {
						"exec": [
							"pm.test(\"Status code is 200\", function () {\r",
							"    pm.response.to.have.status(200);\r",
							"});"
						],
						"type": "text/javascript"
					}
				}
			],
			"request": {
				"auth": {
					"type": "bearer",
					"bearer": [
						{
							"key": "token",
							"value": "{{token}}",
							"type": "string"
						}
					]
				},
				"method": "POST",
				"header": [],
				"body": {
					"mode": "raw",
					"raw": "{\r\n  \"amount\": {{sum_price}}\r\n}",
					"options": {
						"raw": {
							"language": "json"
						}
					}
				},
				"url": {
					"raw": "https://qwallity-exam.herokuapp.com/add_account_balance/{{username}}/api",
					"protocol": "https",
					"host": [
						"qwallity-exam",
						"herokuapp",
						"com"
					],
					"path": [
						"add_account_balance",
						"{{username}}",
						"api"
					]
				}
			},
			"response": []
		},
		{
			"name": "Set Discount",
			"event": [
				{
					"listen": "test",
					"script": {
						"exec": [
							"pm.test(\"Status code is 200\", function () {\r",
							"    pm.response.to.have.status(200);\r",
							"});"
						],
						"type": "text/javascript"
					}
				}
			],
			"request": {
				"method": "POST",
				"header": [],
				"body": {
					"mode": "raw",
					"raw": "{\r\n  \"course_type\": \"2\",\r\n  \"discount\": 30,\r\n  \"course_count\": 2\r\n}",
					"options": {
						"raw": {
							"language": "json"
						}
					}
				},
				"url": {
					"raw": "https://qwallity-exam.herokuapp.com/set_discount/api",
					"protocol": "https",
					"host": [
						"qwallity-exam",
						"herokuapp",
						"com"
					],
					"path": [
						"set_discount",
						"api"
					]
				}
			},
			"response": []
		},
		{
			"name": "Buy 2 courses",
			"event": [
				{
					"listen": "prerequest",
					"script": {
						"exec": [
							"var x = pm.environment.get('ArrayID');\r",
							"var j=pm.environment.get('j');\r",
							"pm.environment.set('id',x[j]);\r",
							""
						],
						"type": "text/javascript"
					}
				},
				{
					"listen": "test",
					"script": {
						"exec": [
							"var j=Number(pm.environment.get('j'));\r",
							"if(j!==1)\r",
							"{\r",
							"    postman.setNextRequest('Buy 2 courses');\r",
							"    pm.environment.set('j', j+1)\r",
							"}\r",
							"pm.test(\"Status code is 200\", function () {\r",
							"    pm.response.to.have.status(200);\r",
							"});"
						],
						"type": "text/javascript"
					}
				}
			],
			"request": {
				"auth": {
					"type": "bearer",
					"bearer": [
						{
							"key": "token",
							"value": "{{token}}",
							"type": "string"
						}
					]
				},
				"method": "POST",
				"header": [],
				"url": {
					"raw": "https://qwallity-exam.herokuapp.com/buy_course/api/{{id}}/{{username}}",
					"protocol": "https",
					"host": [
						"qwallity-exam",
						"herokuapp",
						"com"
					],
					"path": [
						"buy_course",
						"api",
						"{{id}}",
						"{{username}}"
					]
				}
			},
			"response": []
		},
		{
			"name": "Get Account Balance",
			"event": [
				{
					"listen": "test",
					"script": {
						"exec": [
							"  var res = JSON.parse(responseBody);\r",
							"  var balance = Number(res['balance'])\r",
							"  {\r",
							"        pm.environment.set(\"balance\", balance);\r",
							"  }\r",
							"  pm.test(\"Status code is 200\", function () {\r",
							"    pm.response.to.have.status(200);\r",
							"});\r",
							""
						],
						"type": "text/javascript"
					}
				}
			],
			"request": {
				"auth": {
					"type": "bearer",
					"bearer": [
						{
							"key": "token",
							"value": "{{token}}",
							"type": "string"
						}
					]
				},
				"method": "GET",
				"header": [],
				"url": {
					"raw": "https://qwallity.herokuapp.com/balance/api/{{username}}",
					"protocol": "https",
					"host": [
						"qwallity",
						"herokuapp",
						"com"
					],
					"path": [
						"balance",
						"api",
						"{{username}}"
					]
				}
			},
			"response": []
		},
		{
			"name": "Buy one more",
			"event": [
				{
					"listen": "prerequest",
					"script": {
						"exec": [
							"var x = pm.environment.get('ArrayID');\r",
							"var j=_.random(5, 9);\r",
							"pm.environment.set('j',j);\r",
							"pm.environment.set('id',x[j] )"
						],
						"type": "text/javascript"
					}
				},
				{
					"listen": "test",
					"script": {
						"exec": [
							"pm.test(\"Status code is 200\", function () {\r",
							"    pm.response.to.have.status(200);\r",
							"});\r",
							"var y = pm.environment.get(\"ArrayPR\");\r",
							"pm.environment.set('last_course_price',y[Number(pm.environment.get('j'))])\r",
							"        "
						],
						"type": "text/javascript"
					}
				}
			],
			"request": {
				"method": "POST",
				"header": [],
				"url": {
					"raw": "https://qwallity-exam.herokuapp.com/buy_course/api/{{id}}/{{username}}",
					"protocol": "https",
					"host": [
						"qwallity-exam",
						"herokuapp",
						"com"
					],
					"path": [
						"buy_course",
						"api",
						"{{id}}",
						"{{username}}"
					]
				}
			},
			"response": []
		},
		{
			"name": "Check account balance",
			"event": [
				{
					"listen": "test",
					"script": {
						"exec": [
							"  var res = JSON.parse(responseBody)\r",
							"  var newbalance = Number(res['balance'])\r",
							"  {\r",
							"        pm.environment.set(\"newbalance\", newbalance);\r",
							"  }\r",
							"  var balance=Number(pm.environment.get('balance'));\r",
							"  var last_course_price = Number(pm.environment.get('last_course_price'));\r",
							"\r",
							"pm.test(\"Last course price discounted\", function () {\r",
							"    if(newbalance === balance - last_course_price*0.07)\r",
							"    {\r",
							"        pm.response.to.have.body(\"Course is bought with 30 discount\")\r",
							"    }\r",
							"    }\r",
							");\r",
							""
						],
						"type": "text/javascript"
					}
				}
			],
			"request": {
				"auth": {
					"type": "bearer",
					"bearer": [
						{
							"key": "token",
							"value": "{{token}}",
							"type": "string"
						}
					]
				},
				"method": "GET",
				"header": [],
				"url": {
					"raw": "https://qwallity.herokuapp.com/balance/api/{{username}}",
					"protocol": "https",
					"host": [
						"qwallity",
						"herokuapp",
						"com"
					],
					"path": [
						"balance",
						"api",
						"{{username}}"
					]
				}
			},
			"response": []
		}
	]
}